"","Pop1","Pop2","Elevation","Latitude","Longitude","Distance","BIO1","BIO2","BIO3","BIO4","BIO5","BIO6","BIO7","BIO8","BIO9","BIO10","BIO11","BIO12","BIO13","BIO14","BIO15","BIO16","BIO17","BIO18","BIO19","FST","LinFST","Pairwise"
"1","BOP","CHJ",662,1.08525,1.04139000000001,152.077158387486,2.16812432536309,2.26909849506281,1.61526043427186,1.13130270890858,1.33042704757636,2.45268110497656,2.25804191761133,1.97115936358969,2.11966119120749,2.08586619080785,2.11966119120749,1.16843317169143,2.30018281654771,0.395845114909484,1.71573845728936,2.30018281654771,0.395845114909484,2.1221921705414,0.395845114909484,0.0375877434829977,0.0390557614249727,"BOP-CHJ"
"2","BOP","DGR",36,0.0347200000000001,0.332359999999994,29.5296614410306,0.40524991041461,2.22958227209535,1.53485096927462,1.9495640395707,1.65029837712076,0.574554283854947,2.26571573390911,1.02361005647714,0.204036323076517,0.979658906442779,0.204036323076517,2.22054105117478,1.49854376025729,1.00319033109187,1.34012846610426,1.49854376025729,1.00319033109187,2.29006907217709,1.00319033109187,0.0426907481720514,0.0445945216663632,"BOP-DGR"
"3","CHJ","DGR",698,1.05053,1.37375,168.910472683751,2.5733742357777,0.0395162229674599,0.0804094649972427,0.81826133066212,2.98072542469712,1.87812682112161,0.00767381629778413,2.99476942006683,1.91562486813097,3.06552509725063,1.91562486813097,3.38897422286621,0.801639056290417,0.607345216182385,0.375609991185108,0.801639056290417,0.607345216182385,0.16787690163569,0.607345216182385,0.04603157067193,0.0482527191223219,"CHJ-DGR"
"4","BOP","DMY",701,2.44255,1.46139000000001,301.710970046295,2.2599253032726,1.22978357863998,0.679617733574889,2.87050511307107,1.36636874041128,2.70996718368915,2.58663644143389,1.71610015445496,2.68924571857039,1.69689856066872,2.68924571857039,0.117149444020818,2.8476087271758,1.24955344344345,2.8211424356235,2.8476087271758,1.24955344344345,1.84459152114091,1.24955344344345,0.0565721520929627,0.0599644712825322,"BOP-DMY"
"5","CHJ","DMY",39,1.3573,0.420000000000002,155.761960323813,0.0918009779095088,1.03931491642283,2.29487816784675,1.73920240416249,0.0359416928349208,0.257286078712591,0.328594523822563,0.255059209134731,0.569584527362904,0.388967630139124,0.569584527362904,1.05128372767061,0.547425910628092,0.85370832853397,1.10540397833414,0.547425910628092,0.85370832853397,0.277600649400488,0.85370832853397,0.0448961796438287,0.0470065962327386,"CHJ-DMY"
"6","DGR","DMY",737,2.40783,1.79375,312.435128211942,2.66517521368721,0.999798693455374,2.2144687028495,0.920941073500374,3.01666711753204,2.1354128998342,0.320920707524779,2.7397102109321,2.48520939549388,2.6765574671115,2.48520939549388,2.3376904951956,1.34906496691851,0.246363112351585,1.48101396951925,1.34906496691851,0.246363112351585,0.445477551036177,0.246363112351585,0.063393574143889,0.0676843254475259,"DGR-DMY"
"7","BOP","ICH",651,0.382690000000004,0.93853,93.1719875965751,2.63304865206299,2.53671649184559,0.98863505587895,2.96143684707888,1.4782847437062,3.29803206297489,3.31133782957981,2.02861297641211,3.08905647351787,1.99204584734647,3.08905647351787,0.258266253463977,2.39616668832195,2.08803943954012,2.91481149510854,2.39616668832195,2.08803943954012,1.69235349604763,2.08803943954012,0.0315044306787075,0.032529246056113,"BOP-ICH"
"8","CHJ","ICH",11,0.702559999999998,0.102860000000007,78.741709225694,0.4649243266999,0.267617996782779,0.626625378392909,1.8301341381703,0.147857696129839,0.845350957998329,1.05329591196848,0.0574536128224268,0.969395282310383,0.0938203434613791,0.969395282310383,1.4266994251554,0.0959838717742457,1.69219432463063,1.19907303781918,0.0959838717742457,1.69219432463063,0.429838674493774,1.69219432463063,0.0212920745831048,0.0217552898368889,"CHJ-ICH"
"9","DGR","ICH",687,0.347970000000004,1.27088999999999,118.72882446779,3.0382985624776,0.307134219750239,0.546215913395666,1.01187280750818,3.12858312082696,2.72347777911994,1.0456220956707,3.05222303288926,2.88502015044136,2.97170475378925,2.88502015044136,1.9622747977108,0.897622928064662,1.08484910844825,1.57468302900429,0.897622928064662,1.08484910844825,0.597715576129464,1.08484910844825,0.0385307903489749,0.0400749082364895,"DGR-ICH"
"10","DMY","ICH",50,2.05986,0.522860000000009,234.050121293308,0.373123348790391,1.30693291320561,1.66825278945384,0.090931734007802,0.111916003294918,0.588064879285739,0.724701388145921,0.312512821957158,0.399810754947479,0.295147286677745,0.399810754947479,0.375415697484795,0.451442038853847,0.838485996096663,0.0936690594850407,0.451442038853847,0.838485996096663,0.152238025093287,0.838485996096663,0.0246383800909617,0.0252607644057795,"DMY-ICH"
"11","BOP","JCH",393,0.811610000000002,0.244169999999997,92.8986143990401,0.951081045112471,0.195621247063682,0.391484742526403,0.385548686683309,0.768996381184821,0.986889078314774,0.70172305252707,0.867571275104948,0.891879298952909,1.07784299149782,0.891879298952909,0.0526033564923453,0.765526655200967,0.122101157254473,0.577060561978171,0.765526655200967,0.122101157254473,2.74389015703944,0.122101157254473,0.0365205537614306,0.0379048602479348,"BOP-JCH"
"12","CHJ","JCH",269,0.27364,0.79722000000001,77.3455770892812,1.21704328025062,2.07347724799913,2.00674517679826,0.745754022225272,0.561430666391538,1.46579202666178,1.55631886508426,1.10358808848474,1.22778189225458,1.00802319931003,1.22778189225458,1.11582981519908,1.53465616134674,0.517946272163957,1.13867789531119,1.53465616134674,0.517946272163957,0.621697986498045,0.517946272163957,0.0249656617312734,0.0256049051314464,"CHJ-JCH"
"13","DGR","JCH",429,0.776890000000002,0.576529999999991,100.430558772922,1.35633095552708,2.03396102503167,1.92633571180102,1.56401535288739,2.41929475830558,0.412334794459827,1.56399268138204,1.89118133158209,0.687842975876392,2.0575018979406,0.687842975876392,2.27314440766713,0.733017105056323,1.12529148834634,0.763067904126084,0.733017105056323,1.12529148834634,0.453821084862355,1.12529148834634,0.0274398957306607,0.0282140873455586,"DGR-JCH"
"14","DMY","JCH",308,1.63094,1.21722000000001,212.016512949573,1.30884425816013,1.03416233157629,0.288132991048486,2.48495642638777,0.597372359226459,1.72307810537438,1.88491338890682,0.848528879350008,1.79736641961748,0.619055569170905,1.79736641961748,0.0645460875284722,2.08208207197483,1.37165460069793,2.24408187364533,2.08208207197483,1.37165460069793,0.899298635898532,1.37165460069793,0.0408457211782,0.0425851420152906,"DMY-JCH"
"15","ICH","JCH",258,0.428919999999998,0.694360000000003,77.9671419369639,1.68196760695052,2.34109524478191,1.38011979840535,2.57588816039557,0.709288362521377,2.31114298466011,2.60961477705274,1.16104170130717,2.19717717456496,0.91420285584865,2.19717717456496,0.310869609956322,1.63064003312098,2.21014059679459,2.33775093313037,1.63064003312098,2.21014059679459,1.05153666099182,2.21014059679459,0.0114005969463072,0.0115320694217413,"ICH-JCH"
"16","BOP","JSN",333,0.50394,0.237249999999989,59.8874101114884,0.85709319453807,1.02120861441602,0.200777120392182,1.26742684603166,0.408995035651307,1.30951843343966,1.47234662288449,0.594666624252806,0.995233943304803,0.689470415780941,0.995233943304803,1.30747254747063,1.87335860793427,1.01041448853042,0.51717951440325,1.87335860793427,1.01041448853042,0.459103928928276,1.01041448853042,0.0221782877440776,0.0226813205987319,"BOP-JSN"
"17","CHJ","JSN",329,0.581310000000002,1.27864,130.908591295925,1.31103113082502,1.24788988064679,1.41448331387968,0.136124137123076,0.921432011925052,1.1431626715369,0.785695294726834,1.37649273933688,1.12442724790269,1.39639577502691,1.12442724790269,0.139039375779205,0.426824208613431,1.40625960343991,1.19855894288611,0.426824208613431,1.40625960343991,1.66308824161312,1.40625960343991,0.0318242602973866,0.0328703343745855,"CHJ-JSN"
"18","DGR","JSN",369,0.46922,0.0951100000000054,52.9054050090399,1.26234310495268,1.20837365767933,1.33407384888243,0.682137193539043,2.05929341277207,0.734964149584711,0.793369111024618,1.61827668072995,0.791197620228286,1.66912932222372,0.791197620228286,3.52801359864541,0.374814847676986,2.01360481962229,0.822948951701005,0.374814847676986,2.01360481962229,1.83096514324881,2.01360481962229,0.022847513786032,0.0233817281420999,"DGR-JSN"
"19","DMY","JSN",368,1.93861,1.69864,264.245220066755,1.40283210873453,0.208574964223957,0.880394853967071,1.60307826703942,0.957373704759973,1.40044875024949,1.1142898185494,1.12143353020215,1.69401177526559,1.00742814488778,1.69401177526559,1.19032310344981,0.974250119241523,2.25996793197388,2.30396292122025,0.974250119241523,2.25996793197388,1.38548759221264,2.25996793197388,0.0356737203582562,0.0369934130297779,"DMY-JSN"
"20","ICH","JSN",318,0.121249999999996,1.17577999999999,105.02987605202,1.77595545752492,1.51550787742957,0.787857935486768,1.69401000104722,1.06928970805489,1.98851362953523,1.83899120669532,1.43394635215931,2.09382253021307,1.30257543156553,2.09382253021307,1.56573880093461,0.522808080387677,3.09845392807054,2.39763198070529,0.522808080387677,3.09845392807054,1.23324956711935,3.09845392807054,0.0134437461028238,0.0136269432682801,"ICH-JSN"
"21","JCH","JSN",60,0.307670000000002,0.481419999999986,54.7925059271831,0.0939878505744009,0.825587367352338,0.592261862918585,0.881878159348348,0.360001345533514,0.322629355124884,0.770623570357422,0.272904650852142,0.103354644351894,0.388372575716877,0.103354644351894,1.25486919097829,1.10783195273331,0.888313331275952,0.059881047574921,1.10783195273331,0.888313331275952,2.28478622811117,0.888313331275952,0.0100567881571883,0.0101589546116158,"JCH-JSN"
"22","BOP","MZS",143,1.81247,0.566590000000005,207.985731666526,0.800940996136841,1.03564917042098,0.396997888496582,2.08330856413447,0.183994194692861,1.57249188862756,2.03989860776728,0.374427790181744,1.24511566472599,0.332734932253675,1.24511566472599,0.439359440527375,2.93570581331174,1.45950551257593,2.19122172629902,2.93570581331174,1.45950551257593,0.248733708749989,1.45950551257593,0.05070773602027,0.053416358632996,"BOP-MZS"
"23","CHJ","MZS",805,0.727220000000003,0.474800000000002,91.4856546606752,1.36718332922625,1.23344932464184,2.01225832276844,0.952005855225891,1.1464328528835,0.880189216349001,0.218143309844047,1.59673157340794,0.874545526481504,1.75313125855417,0.874545526481504,0.729073731164051,0.635522996764036,1.06366039766645,0.475483269009653,0.635522996764036,1.06366039766645,1.87345846179141,1.06366039766645,0.03882566790435,0.0403939916078474,"CHJ-MZS"
"24","DGR","MZS",107,1.77775,0.898949999999999,213.506158503064,1.20619090655145,1.19393310167438,1.9318488577712,0.133744524563771,1.83429257181362,0.99793760477261,0.225817126141832,1.39803784665889,1.04107934164947,1.31239383869645,1.04107934164947,2.65990049170216,1.43716205305445,0.456315181484061,0.851093260194762,1.43716205305445,0.456315181484061,2.0413353634271,0.456315181484061,0.0483657289493719,0.0508238620872438,"DGR-MZS"
"25","DMY","MZS",844,0.63008,0.894800000000004,107.151989009607,1.45898430713576,0.194134408219001,0.282619845078307,0.787196548936602,1.18237454571842,1.13747529506159,0.54673783366661,1.34167236427321,1.44413005384441,1.36416362841505,1.44413005384441,0.322209996506558,0.0880970861359436,0.209952069132476,0.629920709324486,0.0880970861359436,0.209952069132476,1.59585781239092,0.209952069132476,0.0558336050778362,0.0591353445516763,"DMY-MZS"
"26","ICH","MZS",794,1.42978,0.371939999999995,162.594508877141,1.83210765592615,1.50106732142461,1.38563294437553,0.878128282944404,1.29429054901334,1.72554017434733,1.27143922181253,1.65418518623037,1.84394080879189,1.65931091509279,1.84394080879189,0.697625693991352,0.53953912498979,0.628533926964187,0.723589768809526,0.53953912498979,0.628533926964187,1.44361978729764,0.628533926964187,0.0331940006120431,0.0343336725600139,"ICH-MZS"
"27","JCH","MZS",536,1.00086,0.322420000000008,115.099319646904,0.15014004897563,0.840027923357293,0.00551314597017849,1.69775987745116,0.58500218649196,0.585602810312783,1.33817555524021,0.493143484923204,0.353236365773076,0.745108059244143,0.353236365773076,0.38675608403503,2.17017915811078,1.5816066698304,1.61416116432085,2.17017915811078,1.5816066698304,2.49515644828946,1.5816066698304,0.0306408637995911,0.0316094032183922,"JCH-MZS"
"28","JSN","MZS",476,1.30853,0.803839999999994,162.433073136531,0.0561521984012293,0.0144405560049552,0.597775008888764,0.815881718102814,0.225000840958446,0.262973455187899,0.567551984882787,0.220238834071062,0.249881721421182,0.356735483527266,0.249881721421182,0.868113106943256,1.06234720537747,2.46992000110635,1.67404221189577,1.06234720537747,2.46992000110635,0.210370220178287,2.46992000110635,0.0247374706408566,0.0253649349751106,"JSN-MZS"
"29","BOP","NWS",374,2.29188,0.778470000000013,264.451086695679,1.24139041940897,0.271791759264788,1.53395935753471,1.29057324254711,1.04114025334408,1.39405352915418,1.03117980598826,1.12654777190987,1.41043449592615,1.08458694619854,1.41043449592615,0.849478348976376,2.46930947829815,1.07201333003071,0.986247280156512,2.46930947829815,1.07201333003071,0.266343166370915,1.07201333003071,0.0998860952169153,0.110970505717259,"BOP-NWS"
"30","CHJ","NWS",288,1.20663,0.262919999999994,136.391049746421,0.926733905954118,2.5408902543276,3.14921979180657,0.159270533638531,0.289286794232283,1.05862757582238,1.22686211162306,0.844611591679818,0.709226695281338,1.0012792446093,0.709226695281338,0.31895482271505,0.169126661750447,0.676168215121226,0.729491177132852,0.169126661750447,0.676168215121226,1.85584900417048,0.676168215121226,0.0980764216470859,0.108741387852608,"CHJ-NWS"
"31","DGR","NWS",410,2.25716,1.11083000000001,270.183867083083,1.64664032982358,2.50137403136014,3.06881032680933,0.658990797023588,2.69143863046484,0.819499245299234,1.23453592792085,2.15015782838701,1.20639817284963,2.06424585264132,1.20639817284963,3.07001940015116,0.970765718040864,0.0688229989388412,0.353881185947744,0.970765718040864,0.0688229989388412,2.02372590580617,0.0688229989388412,0.102113477434988,0.113726484214596,"DGR-NWS"
"32","DMY","NWS",327,0.150670000000005,0.682919999999996,64.2379055963311,1.01853488386363,1.50157533790476,0.854341623959822,1.57993187052396,0.325228487067204,1.31591365453497,1.55545663544563,0.589552382545087,1.27881122264424,0.61231161447018,1.27881122264424,0.732328904955559,0.378299248877645,0.177540113412744,1.83489515546699,0.378299248877645,0.177540113412744,1.57824835477,0.177540113412744,0.0677148664343786,0.0726332148785813,"DMY-NWS"
"33","ICH","NWS",277,1.90919,0.160059999999987,213.013573867498,1.39165823265402,2.80850825111038,2.52259441341366,1.67086360453176,0.437144490362122,1.90397853382071,2.28015802359155,0.902065204502245,1.67862197759172,0.907458901147925,1.67862197759172,1.10774460244035,0.0731427899762018,1.01602610950941,1.92856421495203,0.0731427899762018,1.01602610950941,1.42601032967671,1.01602610950941,0.0728590309596794,0.0785846310244443,"ICH-NWS"
"34","JCH","NWS",19,1.48027,0.534300000000016,171.636291935788,0.290309374296503,0.46741300632847,1.14247461500831,0.905024555863803,0.272143872159255,0.407164450839407,0.329456753461194,0.258976496804921,0.518555196973243,0.00674395470072531,0.518555196973243,0.796874992484031,1.70378282309719,1.19411448728518,0.40918671817834,1.70378282309719,1.19411448728518,2.47754699066853,1.19411448728518,0.094973829891008,0.104940423854893,"JCH-NWS"
"35","JSN","NWS",41,1.78794,1.01572,218.890147191207,0.384297224870904,1.29300037368081,1.73473647792689,0.0231463965154549,0.632145217692769,0.0845350957145221,0.441166816896228,0.531881147657063,0.415200552621349,0.395116530417603,0.415200552621349,0.457994198494255,0.595950870363878,2.08242781856113,0.469067765753261,0.595950870363878,2.08242781856113,0.192760762557361,2.08242781856113,0.0883556030839312,0.0969189339426892,"JSN-NWS"
"36","MZS","NWS",517,0.479409999999994,0.211880000000008,56.7040245069856,0.440449423272134,1.30744092968576,1.13696146903813,0.792735321587359,0.857146058651215,0.178438359473377,1.00871880177901,0.752119981728125,0.165318831200166,0.751852013944868,0.165318831200166,0.410118908449001,0.466396335013588,0.38749218254522,1.20497444614251,0.466396335013588,0.38749218254522,0.0176094576209262,0.38749218254522,0.100412654624445,0.11162079495741,"MZS-NWS"
"37","BOP","TAB",56,0.510249999999999,0.576189999999997,76.280158249866,0.394275123833604,1.77916158673906,0.465594517594391,2.45509591253786,0.643151754830573,1.36820181787693,2.48592838532551,0.204896113975097,1.02374556917806,0.163640126485319,1.02374556917806,0.669551131995533,3.07228837593542,0.725898796801755,2.11186838512865,3.07228837593542,0.725898796801755,1.8104207679534,0.725898796801755,0.0375224198867893,0.038985240448277,"BOP-TAB"
"38","CHJ","TAB",718,0.575000000000003,1.61758,157.554388622988,1.77384920152949,0.489936908323753,1.14966591667747,1.32379320362928,1.97357880240693,1.08447928709963,0.227886467714185,2.17605547756478,1.09591562202943,2.24950631729317,1.09591562202943,0.498882039695894,0.772105559387718,1.12174391171124,0.396129927839286,0.772105559387718,1.12174391171124,0.311771402588005,1.12174391171124,0.0472346558173276,0.0495763790168583,"CHJ-TAB"
"39","DGR","TAB",20,0.475529999999999,0.243830000000003,57.1545541856388,0.799525034248214,0.450420685356294,1.06925645168022,0.505531872967156,1.00714662229019,0.793647534021983,0.2202126514164,0.818713942502045,0.819709246101547,0.816018779957461,0.819709246101547,2.89009218317031,1.57374461567813,1.72908912789362,0.771739919024394,1.57374461567813,1.72908912789362,0.479648304223694,1.72908912789362,0.0364265030167873,0.0378035543015998,"DGR-TAB"
"40","DMY","TAB",757,1.93230000000001,2.03758000000001,282.366749233047,1.865650179439,0.54937800809908,1.14521225116928,0.415409200533218,2.00952049524185,1.34176536581222,0.100708056108379,1.92099626843005,1.66550014939233,1.86053868715404,1.66550014939233,0.552401687974715,0.224679648759626,1.97545224024521,0.709274050494853,0.224679648759626,1.97545224024521,0.0341707531875169,1.97545224024521,0.0647521928636877,0.0692353324644044,"DMY-TAB"
"41","ICH","TAB",707,0.127559999999995,1.51472,134.93896956604,2.23877352822939,0.757554905106533,0.523040538284559,0.50634093454102,2.12143649853677,1.92983024509796,0.8254094442543,2.23350909038721,2.06531090433981,2.15568597383179,2.06531090433981,0.92781738545951,0.676121687613473,2.81393823634187,0.802943109979894,0.676121687613473,2.81393823634187,0.11806727190577,2.81393823634187,0.0347763128907232,0.0360292783477723,"ICH-TAB"
"42","JCH","TAB",449,0.301360000000003,0.820359999999994,80.2330065809137,0.556805921278867,1.58354033967538,0.857079260120794,2.06954722585455,1.41214813601539,0.381312739562156,1.78420533279844,1.07246738908005,0.131866270225155,1.24148311798314,0.131866270225155,0.616947775503187,2.30676172073446,0.603797639547282,1.53480782315048,2.30676172073446,0.603797639547282,0.933469389086049,0.603797639547282,0.0268462423667066,0.0275868455073293,"JCH-TAB"
"43","JSN","TAB",389,0.00630999999999915,0.338940000000008,30.059538583222,0.462818070704466,0.757952972323037,0.264817397202209,1.1876690665062,1.05214679048188,0.058683384437271,1.01358176244102,0.799562738227903,0.028511625873261,0.85311054226626,0.028511625873261,0.637921415475099,1.19892976800115,0.284515691728669,1.5946888707254,1.19892976800115,0.284515691728669,1.35131683902512,0.284515691728669,0.019981132030844,0.0203885176948174,"JSN-TAB"
"44","MZS","TAB",87,1.30222000000001,1.14278,177.35943354963,0.406665872303237,0.743512416318082,0.862592406090973,0.371787348403385,0.827145949523434,0.204290070750628,0.446029777558232,0.579323904156841,0.221370095547921,0.496375058738994,0.221370095547921,0.230191691468157,0.136582562623683,2.18540430937769,0.0793533411703673,0.136582562623683,2.18540430937769,1.56168705920341,2.18540430937769,0.0404300643385777,0.0421335254847367,"MZS-TAB"
"45","NWS","TAB",430,1.78163,1.35466000000001,232.588919990013,0.84711529557537,2.05095334600385,1.9995538751291,1.16452266999074,1.68429200817465,0.0258517112772511,1.45474857933725,1.33144388588497,0.386688926748088,1.24822707268386,0.386688926748088,0.179927216980844,0.602978897637271,1.79791212683247,1.12562110497214,0.602978897637271,1.79791212683247,1.54407760158248,1.79791212683247,0.106546917536857,0.119252951977198,"NWS-TAB"
